Feature,Importance
sleep_time_sec,0.32004930415530164
bmi,0.31918960712409666
sleep_resting_heart_rate,0.11469335281647298
avg_sleep_spo2,0.0803717437829687
vo2_max_precise,0.06052221535910941
avg_spo2,0.044595748855412266
resting_heart_rate,0.042906187252782654
steps,0.017671840653855495
