Feature,Importance
sleep_time_sec,0.3669345600974996
weight_kg,0.13951904942573295
bmi,0.13149878765828066
avg_spo2,0.1208372038249828
sleep_resting_heart_rate,0.08318507758360369
steps,0.05981199455418976
avg_sleep_spo2,0.05118074461446026
vo2_max_precise,0.0470325822412503
