Feature,Importance
bmi,0.32396440490431455
sleep_time_sec,0.2816316478684959
sleep_resting_heart_rate,0.1132511278128294
avg_sleep_spo2,0.10438761383443626
vo2_max_precise,0.0831839392682163
avg_spo2,0.05494572000564843
resting_heart_rate,0.03863554630605904
