Feature,Importance
bmi,0.3250664585245144
sleep_time_sec,0.31078692710602174
sleep_resting_heart_rate,0.10522980080699637
avg_sleep_spo2,0.09666834024694027
vo2_max_precise,0.07769105202605459
avg_spo2,0.042867340515195466
resting_heart_rate,0.04169008077427718
