Feature,Importance
vo2_max_precise,0.23687426589334576
fitness_age,0.17932849198387946
bmi,0.12638094142284859
weight_kg,0.11825533413339384
sleep_resting_heart_rate,0.10838223870235092
resting_heart_rate,0.08446098819236476
steps,0.07567188780395763
hydration_ml,0.0706458518678591
