Feature,Importance
sleep_time_sec,0.3878210554153268
avg_spo2,0.14627478983578476
bmi,0.1453253690105306
weight_kg,0.1375455168609924
steps,0.09532595378627434
sleep_resting_heart_rate,0.08770731509109127
