Feature,Importance
sleep_time_sec,0.3500938086848417
weight_kg,0.1407849814308113
bmi,0.13852948121505687
avg_spo2,0.12191366235321521
steps,0.09569393690541303
sleep_resting_heart_rate,0.07928048419249813
avg_sleep_spo2,0.07370364521816379
