Feature,Importance
sleep_time_sec,0.36573563914253654
bmi,0.1320733048379264
weight_kg,0.1293630209750277
avg_spo2,0.1208467860119063
sleep_resting_heart_rate,0.08536867918239487
steps,0.06876588056289244
avg_sleep_spo2,0.054075243132198345
vo2_max_precise,0.04377144615511736
