Feature,Importance
sleep_time_sec,0.37093446778620315
weight_kg,0.14181748224972274
avg_spo2,0.12257953885242032
bmi,0.12023859387704713
sleep_resting_heart_rate,0.08592454214208675
steps,0.06408336507297772
avg_sleep_spo2,0.051540617433700975
vo2_max_precise,0.0428813925858412
