Feature,Importance
fitness_age,0.25451886022781856
bmi,0.24292224019030406
vo2_max_precise,0.219773945531147
weight_kg,0.1492558192100798
sleep_resting_heart_rate,0.13352913484065074
