Feature,Importance
bmi,0.3192360512978522
sleep_time_sec,0.3030242503229007
sleep_resting_heart_rate,0.10943395056918051
avg_sleep_spo2,0.09780053876894099
vo2_max_precise,0.08175910506909483
avg_spo2,0.04846887708834649
resting_heart_rate,0.04027722688368426
