Feature,Importance
bmi,0.3200626386328431
sleep_time_sec,0.2913321384851446
sleep_resting_heart_rate,0.11188766254311547
avg_sleep_spo2,0.1000380964948829
vo2_max_precise,0.0863675612589664
avg_spo2,0.049866894159108575
resting_heart_rate,0.04044500842593886
