Feature,Importance
bmi,0.3161380435662841
sleep_time_sec,0.2971290480568603
sleep_resting_heart_rate,0.106350621516824
avg_sleep_spo2,0.09927860106652633
vo2_max_precise,0.09863347003342107
avg_spo2,0.04424243041390219
resting_heart_rate,0.038227785346182035
