Feature,Importance
sleep_time_sec,0.3228338258878411
bmi,0.3221932613346691
sleep_resting_heart_rate,0.11443279189417933
avg_sleep_spo2,0.07592843855534213
vo2_max_precise,0.06049927619300515
resting_heart_rate,0.04331772260018767
avg_spo2,0.04120263362061527
steps,0.019592049914160126
