Feature,Importance
bmi,0.32806496246983613
sleep_time_sec,0.29403290559396855
sleep_resting_heart_rate,0.11858817765396695
avg_sleep_spo2,0.083651867836976
vo2_max_precise,0.0786498393555752
avg_spo2,0.054475910964699885
resting_heart_rate,0.04253633612497711
