Feature,Importance
sleep_time_sec,0.3276206132304924
bmi,0.3242374783678198
sleep_resting_heart_rate,0.11332387205340351
avg_sleep_spo2,0.07355117743551699
vo2_max_precise,0.05631839844306768
resting_heart_rate,0.046853540816417724
avg_spo2,0.040406854744666175
steps,0.017688064908615804
