Feature,Importance
weight_kg,0.22994543453282706
bmi,0.22766542999117845
vo2_max_precise,0.22653708093417596
fitness_age,0.21604598705570405
resting_heart_rate,0.09980606748611448
