Feature,Importance
sleep_time_sec,0.37745852940305796
bmi,0.14101460665549645
weight_kg,0.12553574649769852
avg_spo2,0.11484171376113186
sleep_resting_heart_rate,0.09198174303899252
steps,0.060507471741034116
avg_sleep_spo2,0.04530922279233333
vo2_max_precise,0.04335096611025535
