Feature,Importance
sleep_time_sec,0.3612028638399032
bmi,0.22434393152494053
avg_spo2,0.11960601592573206
steps,0.0996699145484488
sleep_resting_heart_rate,0.07821107642312526
avg_sleep_spo2,0.06545909551111351
vo2_max_precise,0.051507102226736656
