Feature,Importance
sleep_time_sec,0.3141953191952914
bmi,0.3081489239312816
sleep_resting_heart_rate,0.10415116198983825
avg_sleep_spo2,0.09607346119486387
vo2_max_precise,0.08603695556604661
avg_spo2,0.04779107575588686
resting_heart_rate,0.04360310236679126
