Feature,Importance
sleep_time_sec,0.4061347690795771
weight_kg,0.16784361420197624
avg_spo2,0.13187436626321378
bmi,0.12035475145053415
steps,0.08815192997479654
sleep_resting_heart_rate,0.0856405690299022
