Feature,Importance
bmi,0.32323263487817305
sleep_time_sec,0.29758266452436644
sleep_resting_heart_rate,0.10796426710617843
avg_sleep_spo2,0.10796037909135607
vo2_max_precise,0.07324062117763044
avg_spo2,0.05137869987473935
resting_heart_rate,0.03864073334755622
