Feature,Importance
sleep_time_sec,0.33088071843058514
bmi,0.31814293266823085
sleep_resting_heart_rate,0.11897490202907686
avg_sleep_spo2,0.06751028929719902
vo2_max_precise,0.06040882356641368
resting_heart_rate,0.044800913654679225
avg_spo2,0.03882911523770621
steps,0.020452305116109053
