Feature,Importance
sleep_time_sec,0.36713239771869155
bmi,0.13630485647112303
weight_kg,0.13341396456426388
avg_spo2,0.10812311089563328
sleep_resting_heart_rate,0.08574302845024712
steps,0.06257588399719001
avg_sleep_spo2,0.056389529531865386
vo2_max_precise,0.05031722837098568
