Feature,Importance
sleep_time_sec,0.36428567867571693
avg_spo2,0.13660215791424896
bmi,0.1316488776249438
weight_kg,0.13067307443821952
sleep_resting_heart_rate,0.08360136686888214
steps,0.06013025807593682
avg_sleep_spo2,0.048399564111254866
vo2_max_precise,0.04465902229079697
