Feature,Importance
sleep_time_sec,0.3431183872421303
bmi,0.13435740203985466
weight_kg,0.13018430205663462
avg_spo2,0.12549465876789748
steps,0.11293324981462459
sleep_resting_heart_rate,0.08392478937683213
avg_sleep_spo2,0.06998721070202617
